{
  "accuracy": 0.9992422489485984,
  "f1": 0.9980788435444217,
  "roc_auc": 0.9999668801727504,
  "confusion_matrix": [
    [
      454283,
      337
    ],
    [
      92,
      111437
    ]
  ],
  "classification_report": {
    "0": {
      "precision": 0.9997975240715268,
      "recall": 0.9992587215696626,
      "f1-score": 0.999528050209297,
      "support": 454620.0
    },
    "1": {
      "precision": 0.9969849875641921,
      "recall": 0.9991751024397242,
      "f1-score": 0.9980788435444217,
      "support": 111529.0
    },
    "accuracy": 0.9992422489485984,
    "macro avg": {
      "precision": 0.9983912558178594,
      "recall": 0.9992169120046934,
      "f1-score": 0.9988034468768594,
      "support": 566149.0
    },
    "weighted avg": {
      "precision": 0.9992434660689045,
      "recall": 0.9992422489485984,
      "f1-score": 0.9992425625194366,
      "support": 566149.0
    }
  }
}