{
  "accuracy": 0.9505772775783448,
  "f1": 0.960903802170476,
  "roc_auc": 0.9922996950657127,
  "confusion_matrix": [
    [
      17688,
      912
    ],
    [
      1635,
      31300
    ]
  ],
  "classification_report": {
    "0": {
      "precision": 0.9153858096568855,
      "recall": 0.9509677419354838,
      "f1-score": 0.9328375919626611,
      "support": 18600.0
    },
    "1": {
      "precision": 0.9716875698497455,
      "recall": 0.9503567633216943,
      "f1-score": 0.960903802170476,
      "support": 32935.0
    },
    "accuracy": 0.9505772775783448,
    "macro avg": {
      "precision": 0.9435366897533155,
      "recall": 0.950662252628589,
      "f1-score": 0.9468706970665686,
      "support": 51535.0
    },
    "weighted avg": {
      "precision": 0.9513671518893846,
      "recall": 0.9505772775783448,
      "f1-score": 0.9507741522264506,
      "support": 51535.0
    }
  }
}